{
  "columns": [
    0, 
    1, 
    "labels"
  ], 
  "data": [
    [
      0.1097468734, 
      -3.2755112648, 
      -1
    ], 
    [
      -0.9707305431, 
      -3.6671221256, 
      0
    ], 
    [
      -17.0273857117, 
      17.7133827209, 
      2
    ], 
    [
      -16.6860237122, 
      17.1315193176, 
      2
    ], 
    [
      0.1798040122, 
      -4.4744915962, 
      -1
    ], 
    [
      -0.7012884617, 
      -4.1566867828, 
      -1
    ], 
    [
      -1.8262110949, 
      -2.9512424469, 
      -1
    ], 
    [
      -17.9789028168, 
      16.9328155518, 
      1
    ], 
    [
      -1.439084053, 
      -3.536021471, 
      0
    ], 
    [
      -1.3950948715, 
      -2.6740307808, 
      0
    ], 
    [
      -18.1121330261, 
      17.9003181458, 
      1
    ], 
    [
      -17.5866260529, 
      17.8123207092, 
      1
    ], 
    [
      -0.1030937433, 
      -4.0183677673, 
      3
    ], 
    [
      -17.3326873779, 
      16.7067108154, 
      1
    ], 
    [
      0.4446027577, 
      -4.0297141075, 
      3
    ], 
    [
      -0.8338620067, 
      -2.2995302677, 
      0
    ], 
    [
      -0.4536850154, 
      -2.5737776756, 
      0
    ], 
    [
      -18.2427978516, 
      17.2631549835, 
      1
    ], 
    [
      -17.205450058, 
      17.1083431244, 
      1
    ], 
    [
      -0.7486559749, 
      -3.0096473694, 
      0
    ], 
    [
      -17.8664360046, 
      17.4831867218, 
      1
    ], 
    [
      -1.2452681065, 
      -3.1299152374, 
      0
    ], 
    [
      -16.8481044769, 
      17.4869918823, 
      2
    ], 
    [
      -1.0360351801, 
      -2.634614706, 
      0
    ], 
    [
      0.0670714006, 
      -3.8195164204, 
      3
    ], 
    [
      -17.6091098785, 
      17.1575737, 
      1
    ], 
    [
      -0.5317343473, 
      -3.5965673923, 
      0
    ], 
    [
      -0.3589105904, 
      -4.4544858932, 
      -1
    ]
  ], 
  "index": [
    0, 
    1, 
    2, 
    3, 
    4, 
    5, 
    6, 
    7, 
    8, 
    9, 
    10, 
    11, 
    12, 
    13, 
    14, 
    15, 
    16, 
    17, 
    18, 
    19, 
    20, 
    21, 
    22, 
    23, 
    24, 
    25, 
    26, 
    27
  ]
}
